序号,公司,产品,产品代码,材料类别,条款链接,选择理由
1,AIA友邦,友邦盛世经典众享版2026终身寿险（分红型）,,产品说明书；条款；现金价值；费率表,https://www.aia.com.cn/content/dam/cn/zh-cn/docs/public-disclosure/B3167-1%E5%8F%8B%E9%82%A6%E7%9B%9B%E4%B8%96%E7%BB%8F%E5%85%B8%E4%BC%97%E4%BA%AB%E7%89%882026%E7%BB%88%E8%BA%AB%E5%AF%BF%E9%99%A9%EF%BC%88%E5%88%86%E7%BA%A2%E5%9E%8B%EF%BC%89%E7%9A%84%E6%9D%A1%E6%AC%BE.pdf,友邦2026/2025序列分红型终身寿险，适合比较增额红利、终了红利和寿险杠杆。
2,AIA友邦,友邦传世经典2026终身寿险（分红型）,,产品说明书；条款；现金价值；费率表,https://www.aia.com.cn/content/dam/cn/zh-cn/docs/public-disclosure/B3153-1_Banc%20PWL%202026A(20251205)_IAC9100030679_con.pdf,友邦2026/2025序列分红型终身寿险，适合比较增额红利、终了红利和寿险杠杆。
3,AIA友邦,友邦传世经典2026尊享版终身寿险（分红型）,,产品说明书；条款；现金价值；费率表,https://www.aia.com.cn/content/dam/cn/zh-cn/docs/public-disclosure/B3154-1_Banc%20PWL%202026B(20251205)_IAC9100030680_con.pdf,友邦2026/2025序列分红型终身寿险，适合比较增额红利、终了红利和寿险杠杆。
4,AIA友邦,友邦悦享恒裕2026终身寿险（分红型）,,产品说明书；条款；现金价值；费率表,https://www.aia.com.cn/content/dam/cn/zh-cn/docs/public-disclosure/B3150-1_Broker%20PWL%202026A(20251125)_IAC9100030486_con.pdf,友邦2026/2025序列分红型终身寿险，适合比较增额红利、终了红利和寿险杠杆。
5,AIA友邦,友邦悦享传世2026终身寿险（分红型）,,产品说明书；条款；现金价值；费率表,https://www.aia.com.cn/content/dam/cn/zh-cn/docs/public-disclosure/B3151-1_Broker%20PWL%202026B(20251125)_IAC9100030487_con.pdf,友邦2026/2025序列分红型终身寿险，适合比较增额红利、终了红利和寿险杠杆。
6,Cigna信诺,招商信诺传家典御（尊享版）终身寿险（分红型）,,产品说明书；条款；现金价值；费率表,https://www.cignacmb.com/sc/doc/tiaokuan/chuanjiadianyuzunxiangbanzhongshenshouxianfenhongxing.pdf,招商信诺在售分红型终身寿险，公开材料覆盖条款、说明书、费率和现金价值。
7,Cigna信诺,招商信诺信享传耀尊贵版终身寿险（分红型）,,产品说明书；条款；现金价值；费率表,https://www.cignacmb.com/sc/doc/tiaokuan/xinxiangchuanyaozunguibanzhongshenshouxian.pdf,招商信诺在售分红型终身寿险，公开材料覆盖条款、说明书、费率和现金价值。
8,Cigna信诺,招商信诺瑞享鑫生臻享版终身寿险（分红型）,,产品说明书；条款；现金价值；费率表,https://www.cignacmb.com/sc/doc/tiaokuan/ruixiangxinshengzhenxiangbanzhongshenshouxian.pdf,招商信诺在售分红型终身寿险，公开材料覆盖条款、说明书、费率和现金价值。
9,Cigna信诺,招商信诺和瑞长盈终身寿险（分红型）,,产品说明书；条款；现金价值；费率表,https://www.cignacmb.com/sc/doc/tiaokuan/heruichangyingzhongshenshouxianfenhongxing.pdf,招商信诺在售分红型终身寿险，公开材料覆盖条款、说明书、费率和现金价值。
10,Cigna信诺,招商信诺信享传世尊享版终身寿险（分红型）,,产品说明书；条款；现金价值；费率表,https://www.cignacmb.com/sc/doc/tiaokuan/xinxiangchuanshizunxiangbanzhongshenshouxian.pdf,招商信诺在售分红型终身寿险，公开材料覆盖条款、说明书、费率和现金价值。
11,PingAn平安,平安御享一生终身寿险（分红型）,2130,产品说明书；条款；现金价值；费率表,https://life.pingan.com/ilife-home/product/getPlanClausePdf?planCode=2130&versionNo=2130-1&attachmentType=1,平安2026序列分红型终身寿险，适合比较有效保额递增、保单权益和身故给付结构。
12,PingAn平安,平安盛世金越（尊享版26Ⅱ）终身寿险（分红型）,1846H,产品说明书；条款；现金价值；费率表,https://life.pingan.com/ilife-home/product/getPlanClausePdf?planCode=1846&versionNo=1846-1&attachmentType=1,平安2026序列分红型终身寿险，适合比较有效保额递增、保单权益和身故给付结构。
13,PingAn平安,平安盈尊优享（C款）终身寿险（分红型）,2129,产品说明书；条款；现金价值；费率表,https://life.pingan.com/ilife-home/product/getPlanClausePdf?planCode=2129&versionNo=2129-1&attachmentType=1,平安2026序列分红型终身寿险，适合比较有效保额递增、保单权益和身故给付结构。
14,PingAn平安,平安盛世鑫禧（2026）终身寿险（分红型）,3190,产品说明书；条款；现金价值；费率表,https://life.pingan.com/ilife-home/product/getPlanClausePdf?planCode=3190&versionNo=3190-2&attachmentType=1,平安2026序列分红型终身寿险，适合比较有效保额递增、保单权益和身故给付结构。
15,PingAn平安,平安创御享金越（2026）终身寿险（分红型）,5005,产品说明书；条款；现金价值；费率表,https://life.pingan.com/ilife-home/product/getPlanClausePdf?planCode=5005&versionNo=5005-1&attachmentType=1,平安2026序列分红型终身寿险，适合比较有效保额递增、保单权益和身故给付结构。
16,HSBC汇丰,汇丰汇传世家终身寿险（分红型）,WWC,产品说明书；条款；现金价值；费率表,https://www.hsbcinsurance.com.cn/content/dam/hsbc/insh/docs/about-us/information-disclosure/basic-information/hsbc-huichuan-shijia-whole-life-insurance-tnc.pdf,汇丰同公司分红型终身寿险，条款语言、红利实现方式和第二投保人安排可比性强。
17,HSBC汇丰,汇丰臻盈世代2025至尊版终身寿险（分红型）,PWD,产品说明书；条款；现金价值；费率表,https://www.hsbcinsurance.com.cn/content/dam/hsbc/insh/docs/products/life-stages/2025/hsbc-zhen-ying-shi-dai-2025-whole-life-insurance-supreme-edition-tnc-qrcode.pdf,汇丰同公司分红型终身寿险，条款语言、红利实现方式和第二投保人安排可比性强。
18,HSBC汇丰,汇丰臻盈世代2025尊悦版终身寿险（分红型）,PWC,产品说明书；条款；费率表,https://www.hsbcinsurance.com.cn/content/dam/hsbc/insh/docs/about-us/information-disclosure/basic-information/terms/pwc-generation-excellence-2025-premium-whole-life-insurance-terms.pdf,汇丰同公司分红型终身寿险，条款语言、红利实现方式和第二投保人安排可比性强。
19,HSBC汇丰,汇丰汇盈世代（尊享版）终身寿险（分红型）,SWC,产品说明书；条款；费率表,https://www.hsbcinsurance.com.cn/content/dam/hsbc/insh/docs/about-us/information-disclosure/basic-information/terms/swc-huiying-generation-premium-edition-whole-life-insurance-terms.pdf,汇丰同公司分红型终身寿险，条款语言、红利实现方式和第二投保人安排可比性强。
20,HSBC汇丰,汇丰汇盈世代（优享版）终身寿险（分红型）,SWD,产品说明书；条款；费率表,https://www.hsbcinsurance.com.cn/content/dam/hsbc/insh/docs/about-us/information-disclosure/basic-information/terms/swd-huiying-generation-premium-edition-whole-life-insurance-terms.pdf,汇丰同公司分红型终身寿险，条款语言、红利实现方式和第二投保人安排可比性强。
